model,fit_time,score_time,test_accuracy,train_accuracy,test_f1,train_f1,test_recalls,train_recalls,test_precision,train_precision
RF,19.731766366958617,0.4764591693878174,0.7762551580263025,0.9493135412773672,0.3105384526957239,0.8716268859622709,0.27963585434173666,0.9508278756167365,0.35070936232226557,0.8047294365831315
SVC,18.717668056488037,0.6023788928985596,0.755690141621711,0.8848050790195365,0.3668793661790829,0.7082343450880524,0.39565826330532217,0.7737134128140748,0.3441738701202883,0.6536932113839009
NB,18.416896915435792,0.49797606468200684,0.441499480751027,0.49442635128890056,0.308779256338031,0.3385593660518822,0.6896918767507002,0.7144610468280863,0.19902014606222526,0.2219152543837785
LR,20.655886840820312,0.4983482360839844,0.72354541360708,0.8632666651740533,0.40224410114126063,0.6826896375909344,0.5143697478991597,0.8134128140747634,0.3316538672932895,0.5883614559132925
KNN,18.546794176101685,0.5199836254119873,0.7355405243955115,0.7431385989295665,0.34878360738351455,0.36657834566396225,0.39571428571428574,0.4224536020929538,0.32819788199110944,0.336878620253659
