model,fit_time,score_time,test_accuracy,train_accuracy,test_f1,train_f1,test_recalls,train_recalls,test_precision,train_precision
RF,4.609848260879517,0.16266140937805176,0.7771107700508221,0.9360258359927688,0.40640954928735595,0.8439563859744785,0.4238095238095238,0.9561550752374766,0.3919379396922465,0.7553626331748061
SVC,35.236833000183104,17.455792665481567,0.7865427208646185,0.9027001953601534,0.35565489031944375,0.7429780320781798,0.3292156862745098,0.7778554246483943,0.3899294006159678,0.7118609022768088
NB,1.9987138748168944,0.1838860034942627,0.5353502862762036,0.6330894058307226,0.3172369490201235,0.4966820763005361,0.5970588235294118,1.0,0.216014899219683,0.3304524098041366
LR,3.5514734745025636,0.15513124465942382,0.6785242300870318,0.8609074746069115,0.37133513566689763,0.7125567923018965,0.5259383753501401,0.9526065352132459,0.28762809851763166,0.5692288400255682
KNN,1.7969686031341552,0.6762875556945801,0.7376873661670235,0.7409949187989512,0.3623172213709728,0.371421051553405,0.4170028011204482,0.43194388355310515,0.3327606406044436,0.334908732371805
