model,fit_time,score_time,test_accuracy,train_accuracy,test_f1,train_f1,test_recalls,train_recalls,test_precision,train_precision
RF,17.143426513671876,0.43224596977233887,0.7805424083962099,0.9454558815002605,0.3483133909019607,0.8633906081593038,0.32683473389355744,0.9520165750706724,0.3776061221504097,0.7900771077048084
SVC,16.32173881530762,0.548389196395874,0.7578287121706444,0.8838405636108849,0.38362129220416713,0.7065974959876099,0.4215966386554622,0.7737116569803171,0.354247551540006,0.6507651768990624
NB,15.957224655151368,0.4348308086395264,0.44621867274448357,0.496243952762225,0.3005755985689357,0.3364316730473666,0.65890756302521,0.7055642371780241,0.19490654108030475,0.22099907031940824
LR,15.92773790359497,0.42625813484191893,0.7248256150573011,0.8644456002631593,0.39657062202961835,0.6882095603456717,0.4999159663865546,0.8270222815303848,0.32983361729875266,0.5893518010614971
KNN,16.01409707069397,0.4691293716430664,0.7372572625929364,0.7426029802900377,0.3560772093877552,0.36867516805305767,0.40518207282913166,0.4254244728109143,0.3315204306337166,0.33522250339158105
