model,fit_time,score_time,test_accuracy,train_accuracy,test_f1,train_f1,test_recalls,train_recalls,test_precision,train_precision
RF,3.4061770915985106,0.04852762222290039,0.7852698716122452,0.936991155116421,0.41222536361772927,0.8448136753302242,0.4192436974789916,0.9478570048987762,0.41032425269307016,0.7622240150902333
SVC,4.456681537628174,2.5540112495422362,0.7796822012480356,0.8791279807062473,0.3813799794748263,0.6898206343837493,0.37677871148459385,0.7405141081242428,0.3870144563167819,0.6497683166556044
NB,0.5112357139587402,0.02297945022583008,0.4886500445726994,0.5579728815077234,0.33965203438484215,0.4495189264986168,0.727422969187675,0.9976296244271593,0.22174203955558788,0.2901320450576751
LR,1.1897442817687989,0.013852548599243165,0.7153844739961952,0.8721590253463007,0.3700273682393892,0.727147927061693,0.46436974789915964,0.9407616806840728,0.3106851874829779,0.5928206512315851
KNN,0.4460455417633057,0.2524974822998047,0.7535405427760061,0.7695026898618815,0.3050705859182695,0.35485889305693963,0.3007282913165266,0.35666777869471317,0.32231868732270985,0.370204106091797
